shoulder_width_px,hip_width_px,torso_len_L_px,torso_len_R_px,upperarm_L_px,forearm_L_px,thigh_L_px,shank_L_px,hip_to_shoulder,shoulder_to_legspan,torsoL_to_legspan,torsoR_to_legspan,torsoMean_to_legspan,upperarmL_to_shoulder,forearmL_to_shoulder,armL_to_legspan,forearm_to_upperarm_L,thighL_to_legspan,shankL_to_legspan,shank_to_thigh_L,legL_to_torsoMean,ankle_span_to_shoulder,headprox_to_shoulder,headprox_to_legspan,shoulder_to_hip_midline,shoulder_hip_ratio_LR,lateral_balance,foot_angle_L_normpi,foot_angle_R_normpi,arm_symmetry_L_over_R,height in cm,weight in grams,filename,gender,age in months
0.1984498358949164,0.1076507878543376,0.2215129038741265,0.2149121467587849,0.1121051466282091,0.0909469013612752,0.134162704296645,0.1131057620968845,0.5424584372614,0.8055094849304417,0.8991226639238803,0.8723301375398059,0.885726400731843,0.5649042042421808,0.4582866040233648,0.8241899009515419,0.811264282655068,0.5445674991240145,0.4590972008541752,0.8430492117004306,1.133154322992855,0.2965674897524341,0.4029028819208476,0.3245420928930526,0.8664317906568065,1.0307137461278548,-0.8639606715002786,0.5860624121181501,0.6546714220400529,0.9760991470871117,100.0,15000,child0001,f,42
0.1742313641132682,0.0978123943266529,0.1753606963558596,0.1803301474328567,0.0975354405340703,0.0818051040581979,0.1276263349084775,0.1199710821827462,0.5613937239397659,0.7076718595743121,0.7122588445426002,0.7324431592474764,0.7223510018950383,0.5598041491006309,0.4695199654467279,0.7284237102464117,0.8387218390593362,0.5183771946859151,0.4872840160294725,0.9400182358035986,1.3922057394218386,0.2758384348479963,0.425117107599182,0.300843414071566,0.7054870374469582,0.9724424831469328,-0.7048211966935479,0.9939882271936888,0.9647403515104652,0.9170573877607556,118.0,28400,child0002,f,78
0.1736564802643098,0.1101545747930218,0.1916813467596212,0.1976355256313963,0.0919477266976207,0.0825775720078277,0.1215423426850022,0.1046807218834824,0.6343245850967589,0.7653938467529711,0.8448387478764827,0.8710818910289116,0.8579603194526971,0.5294805385763536,0.4755225482063349,0.7692231785912119,0.8980925899276698,0.5356999120876512,0.4613820358522107,0.8612695754497706,1.1621539193979415,0.6538130520848834,0.4091462864564591,0.3131580500756022,0.8464290492001227,0.969872932243568,-0.8437534051984092,0.624966458289363,0.7747938449111161,0.93539467685342,95.7,19000,child0003,m,33
0.1670072821997536,0.0917471980809953,0.1826119770022603,0.18941918724335,0.0968475382380141,0.0859717438940849,0.1257478261337448,0.1272024686794529,0.5493604642416646,0.6771914843586754,0.7404663685259071,0.7680686667418104,0.7542675176338587,0.5799000915551512,0.5147784142206213,0.7413069622218322,0.8877019019605785,0.5098900833110673,0.5157884581110423,1.0115679339391594,1.3598339016900385,0.440873199037826,0.4435903878928666,0.300395633224411,0.7386616082132258,0.9640627206770538,-0.7384413001820921,0.7755781931108088,0.542990436869593,0.9777097631486452,109.5,21400,child0004,m,53
0.136463691930605,0.0728368112679021,0.1553874441512755,0.1589342000919312,0.082737999114958,0.0676398667604396,0.0986126519838124,0.0871740494724787,0.5337449854789318,0.7040926787432674,0.8017309237916379,0.8200306257546685,0.8108807747731531,0.606300459444057,0.4956620021304722,0.7758837014445351,0.817518763856729,0.5087979469921429,0.4497797849495978,0.8840047166238734,1.1821438635166883,0.5555566574320472,0.4651937059030727,0.3275394825238021,0.7940840734975202,0.977684123753074,-0.7940838768904828,0.3762730582329995,0.7882512338417469,0.948852737567706,93.5,12100,child0005,m,36
0.2370110447665802,0.1217537668978121,0.2297447990203063,0.2491363239012876,0.1116522663587917,0.1023167645274115,0.1368746940301677,0.1197399422916669,0.5137050343696897,0.9206407393945288,0.8924158865693781,0.9677399197678992,0.9300779031686384,0.4710846554376914,0.4316961879484473,0.8311368231662312,0.9163877085899822,0.5316731954008157,0.4651153245412067,0.8748143193311962,1.071725837745538,0.4397828160195568,0.43825740746495,0.4034776236536608,0.9030783130626232,0.9221650035718412,-0.9030132567616984,0.5406287207252894,0.6132526880876007,0.9441327163438596,94.0,13500,child0006,m,34
0.2089545236416435,0.1098044473204122,0.2291570050283,0.2282289228709166,0.1142242036585191,0.0961616575836333,0.1375744417973434,0.1296048255590074,0.5254944731836798,0.7908146189742762,0.8672734452379429,0.8637610018369729,0.8655172235374579,0.5466462351129253,0.4602037606448299,0.7962316957594209,0.8418676121491292,0.5206677408771947,0.4905057280188389,0.9420705173561544,1.1682880957160664,0.583820255034741,0.3739723094084322,0.2957427693717594,0.8449367524769398,1.004066452865434,-0.8448133183503554,0.5522852337408796,0.7000697282655897,0.9413886890076176,100.0,14200,child0007,m,48
0.1845989036667905,0.1025988834922638,0.2006617503826966,0.206551914827742,0.1177551438161635,0.1115487370234637,0.16053046457342,0.1274291850059708,0.5557935689448057,0.634662338474379,0.6898873894187444,0.7101381355848152,0.7000127625017798,0.637897308581621,0.6042762703770674,0.78836078841301,0.9472939644794698,0.551913570551037,0.4381093437681294,0.7938006368111514,1.414292663437903,0.3181696938109025,0.4815982214637903,0.305652253439311,0.6856750855226863,0.9714833704158224,-0.6855983153464259,0.6167656065179198,0.7159780738091155,1.0152765712682474,116.0,22000,child0008,f,60
0.1986960931885509,0.1082784047743695,0.2151984712329007,0.2214341791351345,0.1183599806626148,0.0958197180465712,0.1573337282786565,0.1456933551110044,0.5449448101207489,0.6645407555469935,0.7197330977713964,0.7405884753192001,0.7301607865452983,0.5956834820617144,0.482242587203987,0.7163258044936301,0.8095617920021919,0.5262039780727223,0.4872726520685417,0.9260147630453676,1.3880184321270577,0.4161336594631582,0.5456611211064623,0.3626140536927079,0.7143578868535584,0.971839451675487,-0.7135232537506837,0.8582368944567815,0.7121912200182179,1.0173840439316193,102.0,14400,child0009,f,46
0.1689500261613753,0.097292764051058,0.1895314078845858,0.1911622941795693,0.0941723927493734,0.0874072118539558,0.135669725436261,0.1218831425608315,0.5758671144455891,0.6813033484753095,0.76429927693334,0.7708759453068232,0.7675876111200816,0.5573979175322721,0.5173554206524208,0.7322330480902478,0.9281617393600456,0.5470980995182706,0.4915026948268811,0.8983812871213733,1.353071335830449,0.5893142561095579,0.413520079498785,0.2817326148242984,0.7538735382248388,0.9914685775142904,-0.75171705846335,0.5102071350891485,0.893803152314916,0.9723256389616364,104.0,17400,child0010,m,66
0.1548362301856619,0.0873304592914362,0.1832962675811393,0.1731246772572089,0.0914505832267817,0.0784453994199198,0.1127845436548743,0.0984445710882226,0.5640182480981325,0.7452744861118277,0.8822614155869548,0.8333024171502359,0.8577819163685954,0.5906278079563464,0.506634650855663,0.8177617151209208,0.8577900397353261,0.5428667613061477,0.4738440547170364,0.8728551616919012,1.1852789113664364,0.8381064507894906,0.5243151934873465,0.3907587363869056,0.8421498119400954,1.0587529778254468,-0.8418887395624101,0.7670942659611264,0.6034008277287831,1.2179057829015651,86.0,12300,child0011,f,36
0.1928298749409277,0.1021617616728843,0.2390849007200944,0.2382003977711985,0.136756411101358,0.1000692066860287,0.1740577234571177,0.159017536430515,0.529802561476436,0.5858503866949761,0.7263811252416479,0.7236938528737004,0.7250374890576741,0.7092075911123861,0.5189507420293892,0.7195170343937664,0.731733202707855,0.5288173558471585,0.4831226760772358,0.9135908092564012,1.395707183692812,0.3401652178669321,0.5630643653374626,0.3298714761671137,0.7118122635476007,1.0037132723419948,-0.7107604137985831,0.1100595110937635,0.1478915838909644,1.0762550230030716,116.0,21200,child0012,m,84
0.1958113423810971,0.105518849855816,0.2146010675587831,0.2170270537562144,0.1064565180799418,0.0992856710558599,0.1566154628628553,0.1449110448916819,0.5388801719690495,0.6564827080380375,0.7194776781860417,0.7276111089116886,0.7235443935488651,0.5436688027639951,0.5070475992275544,0.6897771489593957,0.9326406015017604,0.5250734810894353,0.4858329145712278,0.9252665237696062,1.3971587710082791,0.4991520479008018,0.4229250919653877,0.2776430096706738,0.7075123692603862,0.9888217337173256,-0.706955697764716,0.5484091508467045,0.7634595051790656,0.9665857862423668,122.0,21000,child0013,m,72
0.1957089419527674,0.1068964316270035,0.2255523947704674,0.2232850197839958,0.1047606969421918,0.0973710422598539,0.1551897106933384,0.1405556209146749,0.5462010604134889,0.6586212904012843,0.7590537653240048,0.7514233452496171,0.7552385552868109,0.5352882494631996,0.4975298588214412,0.6802359952282435,0.929461573872351,0.5222615098420813,0.473013258854154,0.9057019327294122,1.3178283361318437,0.2388544558047758,0.4688876549232639,0.3088193923387922,0.7403098818476187,1.0101546220550983,-0.7402975736248847,0.7486709079420316,0.8833358275605424,0.9555798671652128,109.0,18900,child0014,f,69
0.2291261509439666,0.1136076614949578,0.2023048427717079,0.209761631474256,0.1065063218964924,0.0983476580151101,0.1454294839771386,0.1307157817121865,0.4958301836211656,0.8397217990466272,0.7414246947728292,0.7687529940464705,0.75508884440965,0.4648370404587244,0.4292293027658866,0.7507669981996097,0.9233973745773396,0.5329828455485657,0.4790587671068013,0.8988258648620038,1.3402947482909908,0.3150189042042307,0.4092047760758083,0.34361817074485,0.7247826937305587,0.9644511312667626,-0.7224493502026803,0.8361370795155918,0.641156705751617,0.9986044263016718,116.0,20000,child0015,f,89
0.204079769210188,0.0998180934984655,0.217132580154202,0.2132450311248794,0.1263635439040445,0.0947814439496484,0.1746017430833883,0.1802470438840393,0.4891131241708716,0.5885320818289889,0.6261742157275668,0.6149631714761248,0.6205686936018457,0.6191870188460417,0.4644333160335461,0.6377453315989098,0.7500695297183316,0.5035223616016657,0.5198024693537288,1.0323324423969518,1.6490113689363055,0.3435204528353205,0.559747855915703,0.3294295709413815,0.602107004381104,1.018230431953399,-0.602099414973713,0.1208050692799881,0.0344723395276974,1.045458927557139,101.0,15500,child0016,f,41
0.0251484931980331,0.0037085667088101,0.2231100794344674,0.2321845919884026,0.1447520728235868,0.1286778210771509,0.1547297888644259,0.1503621052787954,0.1474667559446532,0.0861082010757307,0.7639267860178576,0.7949978305335429,0.7794623082757003,5.755894465872332,5.116720913013386,0.9362213512641744,0.8889532188874008,0.5297933226864425,0.5148384157079181,0.9717721867412524,1.3401953209325277,1.1325721010528942,4.626109813930436,0.3983459940563335,0.7787088413756164,0.9609168184838532,-0.7766435734311163,0.273387822622389,0.2964304957597757,1.1913464524174875,106.0,17500,child0017,f,84
0.199048012571939,0.1091964846441409,0.1972805999221301,0.2047539823989244,0.0976072234117956,0.0801802696726092,0.1500001506555336,0.1222146134969389,0.5485936947231546,0.7408740447590916,0.7342955808914905,0.762112161585122,0.7482038712383063,0.4903702486178751,0.4028187402455519,0.6617405389135304,0.821458360047148,0.5583136294338724,0.4548934393274669,0.8147632716556228,1.3541858144685115,0.5797208339449113,0.4606154929891601,0.341258063369582,0.729315019844819,0.963500673397239,-0.7279654880507972,0.532885725237722,0.7559859230501202,0.9528378832262336,116.5,21700,child0018,f,84
0.2358633876800042,0.1284681165309989,0.2621903761672629,0.2516512061356731,0.0960116460028716,0.0848915003728085,0.1917534783768271,0.1396300552248795,0.5446717177881444,0.7192474083023572,0.7995295513857794,0.7673911563366802,0.7834603538612298,0.4070646442725167,0.359918091603012,0.5516503449911254,0.8841792002010824,0.5847376047299403,0.4257912019726477,0.7281748232513597,1.2898276239790143,0.3053141110618401,0.4380781989713249,0.3150866092438898,0.7662700489050501,1.041880069614718,-0.7649505051388463,0.7786245593657839,0.9684675603217648,0.7551750222840744,99.0,15400,child0019,f,48
0.0206366459878682,0.0055420057500478,0.2472425951588497,0.2521825063470277,0.1456417521414923,0.1473119219796934,0.1582335431180741,0.157822416561185,0.2685516703298536,0.0678260909614383,0.8126077638122277,0.8288436805298843,0.820725722171056,7.057433278019662,7.13836551086326,0.9628455399250486,1.011467658234285,0.5200633230315839,0.5187120808161279,0.9974017736771376,1.26567911274896,1.2991250339934513,6.205010615822067,0.4208616144454377,0.8198112348979851,0.9804113645322396,-0.8118717278831263,0.2270394711129152,0.2809365537371578,1.2548641243949676,106.5,16000,child0020,m,84
0.1927316102749303,0.0940191373331356,0.2125170591719524,0.2083265675307583,0.1132729290283331,0.0967176112827289,0.1526051671862424,0.1505886146587215,0.4878241674991349,0.6416353626991947,0.7075043898976794,0.6935535511107777,0.7005289705042285,0.5877236685085027,0.5018253681622953,0.6990931913228257,0.8538457697914463,0.5080478062609354,0.5013343698373401,0.9867858175138992,1.4408857000899475,0.1438639359662012,0.5074071464121487,0.3255703684243224,0.6809670238540101,1.0201150131299284,-0.6808882574363312,0.758471600706111,0.9971606363144278,0.9541173965136822,114.0,17300,child0021,f,72
0.1990470511024558,0.1011303319673692,0.1918497553696274,0.1792845892160526,0.1106941512068365,0.0955038866356499,0.1615680492207565,0.1312029513644499,0.5080724954589466,0.6776231939836977,0.6531211755136325,0.6103451184217916,0.6317331469677121,0.5561205282556975,0.4798055841906998,0.7019675610470429,0.8627726541504165,0.5500320499715934,0.4466590309740558,0.8120600081342964,1.5777090148422908,0.4657293615036212,0.3535421287665468,0.2395683465025832,0.6097138756664328,1.0700850318954784,-0.6034692099041061,0.7143807247640912,0.9101411619435896,0.9517423763565822,107.0,16000,child0022,f,72
0.2013189979887106,0.1028290987070741,0.2144630804965313,0.2096391256815238,0.1091441960864603,0.1068133192336207,0.1661234876940833,0.1439342909826416,0.5107769248525688,0.6577410249111101,0.700684822498931,0.6849241987334291,0.69280451061618,0.5421455360739519,0.5305675087833018,0.7055673775599276,0.9786440604593104,0.5427517231326666,0.4702561060634998,0.8664295036214072,1.4621842289900766,0.2328995304462428,0.4468248543291537,0.293895037642215,0.6739029153351291,1.0230107562189314,-0.6737073704619007,0.9964821582076632,0.6321491775548169,0.9813628812960308,121.0,23800,child0023,f,84
0.2166506662967813,0.1166594374324413,0.2348715188670715,0.225174464674819,0.1314438970829559,0.1139987775537611,0.1737527941137426,0.1553410207381581,0.5384679374705181,0.6551596612344436,0.7102601961250276,0.6809359441014253,0.6955980701132265,0.6067089445406832,0.5261870618832932,0.7422277637825864,0.8672808710305892,0.5254349025364101,0.469757016039864,0.8940346630424159,1.43069965449197,0.1715703168476688,0.4485686170279424,0.2938840631724296,0.6789780578522739,1.0430646263831749,-0.678812209188969,0.6048007832993771,0.7150574559647467,1.0396965667112998,124.0,24100,child0024,f,84
0.1995472887634234,0.1096012272593546,0.2155749336737324,0.2167277933680267,0.1258234329021385,0.0922063370030673,0.1359743927604936,0.1073888631007181,0.5492493931565974,0.8129272103225713,0.8782215510561374,0.8829181371184369,0.8805698440872872,0.6305444372702581,0.4620776236773837,0.8882222039430648,0.7328232498216971,0.553940293887646,0.4374869207252345,0.7897726985247414,1.1258927628171247,0.2505932216104553,0.4495655051798132,0.365464031983083,0.8612968250074585,0.9946806098268322,-0.8611618760819734,0.9382556393979048,0.8822018327119043,0.9916907195558802,114.0,21900,child0025,m,72
0.2084743472629586,0.1131055815443708,0.2357742940569586,0.2231533088706827,0.1184440341600914,0.1044221588840794,0.1680245302049914,0.1405376344321843,0.5425395643604312,0.6778887640275636,0.7666590488763754,0.7256198315287217,0.7461394402025484,0.5681468042237942,0.5008873286091494,0.7246862270094023,0.8816160275572876,0.5463595046699139,0.4569813243469415,0.8364114112429127,1.3447095475136477,0.2382984325237816,0.3153046810710356,0.2137415005433494,0.7299241651371688,1.0565574637909123,-0.7291788900710845,0.9315276264464404,0.8568853992724672,1.005380128346097,122.0,22200,child0026,m,96
0.195050892794713,0.1090007294894703,0.2273679469829076,0.226250330167104,0.1189846276394979,0.1020536416072177,0.1536379071676843,0.1348268884289799,0.558832251048404,0.6848461495623778,0.7983150489294649,0.7943909675678131,0.7963530082486391,0.6100183697427461,0.5232154549255362,0.77609082137792,0.8577044247801652,0.5394403872908735,0.473392733942749,0.8775626465793138,1.2718393862303257,0.3307179660396671,0.3946587676895529,0.2702805374432233,0.781892950703924,1.0049397356237146,-0.7818862136421164,0.4701595197450836,0.7433727948054927,0.9636852272728568,102.0,15200,child0027,m,61
0.1885058065866593,0.1059335581912803,0.2100524120619221,0.2093585418909556,0.1115177374661953,0.0887274572440401,0.1401751056832779,0.1305210577184243,0.5619644302181261,0.7161401269767979,0.7979964318852626,0.7953603949305447,0.7966784134079037,0.5915878109299977,0.4706881917892042,0.7607384714717345,0.7956353783714123,0.5325301103489352,0.4958540457725794,0.9311286557067654,1.2908397401185467,0.2138892590522016,0.3876551768407738,0.2776154275659648,0.781072497437096,1.00331426730765,-0.7781071342920588,0.7683684673176552,0.9548998262028652,1.0055827443562164,123.0,24000,child0028,m,72
0.2068979872866649,0.1135938201323387,0.2176452619752148,0.2171067067394153,0.1056215912863821,0.1041393293573124,0.1662891119870804,0.1222573014638517,0.5490329878122506,0.7223049103946468,0.7598248949179568,0.7579447360220768,0.7588848154700168,0.5105008157476151,0.5033365994664002,0.7322997433508996,0.9859662980739352,0.5805346089085662,0.426814442890573,0.7352092990511027,1.327407046845753,0.2251605294625181,0.4125757434111798,0.298005485375617,0.7412020187451014,1.0024806015617282,-0.7409941745760907,0.6236576146631736,0.7924871516854812,1.004982605119612,116.0,18400,child0029,m,95
0.1862120997189612,0.0902403828805646,0.1929499805686607,0.1872066863099147,0.1099530913402108,0.088784402332047,0.10979909190948,0.1087340270114018,0.4846107369862591,0.8283728870892193,0.858346652600443,0.8327973501990374,0.8455720013997402,0.5904723243342211,0.4767918006726953,0.8840926645187287,0.8074752719533389,0.4884461906723719,0.4837082016486193,0.9902998751669442,1.1497003102180647,0.2541755974365611,0.4462856236095905,0.3696909104958892,0.818268542811184,1.0306788949259975,-0.817072458740756,0.7865276194115506,0.6988770762760267,0.9815208144485774,90.0,12600,child0030,m,51
0.1972909418226515,0.1022255016664353,0.2150422526709845,0.2064218122873222,0.1111304067852279,0.0940226914682676,0.1594291485144432,0.1339576714338703,0.5181459458910574,0.6769664745601542,0.7378767333525713,0.7082973259972671,0.7230870296749192,0.5632818504415937,0.4765687192713916,0.7039439742479676,0.8460572960015986,0.5470509067211436,0.4596503606961994,0.8402332489515529,1.392226974213504,0.3211572825618285,0.4396873155467325,0.2976535719144896,0.7045770915872847,1.0417612862136068,-0.7044445230333904,0.848093384829332,0.7514172043371635,0.9492206037500984,113.0,17900,child0031,m,69
0.2021193279586027,0.1041544356896342,0.2004535211491886,0.1966175940318235,0.1006735303449233,0.0865091029808221,0.1232411716807107,0.1066437356487579,0.5153116069679723,0.8851991710854273,0.8779036253215711,0.8611038489769199,0.8695037371492456,0.4980895759041061,0.4280100466123683,0.8197826181941102,0.8593033609174955,0.5397454272047942,0.4670555129545492,0.8653255579640798,1.157902947559766,0.3176718579571709,0.4359232109849431,0.3858788650207695,0.8426665878080732,1.0195095822235738,-0.8396590823542612,0.6513894009309897,0.7394783570883147,0.9753364616096776,92.0,12000,child0032,f,39
0.1945108901476705,0.1000652651879416,0.200666205033752,0.2005072149881124,0.0989237001684703,0.0884464960073704,0.1301101875926052,0.1120367190297443,0.5144455670938178,0.8104980937298372,0.8361463799398711,0.8354838919485044,0.8358151359441878,0.508576666804458,0.454712309116589,0.7807438786949757,0.8940880280129343,0.5421498967928144,0.4668404279699435,0.8610910575315469,1.2071931715174564,0.41629816775527,0.4427337191324445,0.3588348353867674,0.8123101646563559,1.0007929392747736,-0.8122291347227166,0.6033990841930084,0.9465911970361588,0.9987459953614588,101.0,15500,child0033,m,37
0.2185487862094904,0.1195298633256053,0.2519744101076763,0.2454744734401507,0.118283018509742,0.1029127801299154,0.1575326943847123,0.1310772645117863,0.5469253131016234,0.7507085093669401,0.8655245224250689,0.8431974354103631,0.854360978917716,0.5412202033296197,0.4708915657452711,0.759800917474948,0.8700554096988941,0.5411200685632984,0.4502464624041283,0.8320638774303009,1.1603602639053885,0.4681231948997258,0.4214661502994958,0.3163982254399572,0.8372988810753692,1.026479073674886,-0.8343267068274081,0.386731485319841,0.8984647861772533,0.9629359860081032,127.0,30700,child0034,m,84
0.1986745476455345,0.1025524163065748,0.2227914224149966,0.2094595419806707,0.1189729438063168,0.1064171467811158,0.1698516984140491,0.1407045518512157,0.5161829611387557,0.6358045076234157,0.7129840853294181,0.6703189841592162,0.6916515347443172,0.5988333443626738,0.5356355307826351,0.7213004245758534,0.8944651059013776,0.5435647231059529,0.4502871121153719,0.8283964962671075,1.4369256559066583,0.3780289167657878,0.5410878597906316,0.3440261002751902,0.6745461502814867,1.063648952481507,-0.6725646243249158,0.4745370079277291,0.9075737505803172,0.9842271194860632,122.0,21800,child0035,m,84
0.2193564179461886,0.116206610667267,0.2299549255040321,0.2236922413490233,0.1201719824571553,0.1042200564063774,0.1524938414819877,0.1259747825608053,0.5297616169852584,0.7814911018113928,0.8192499211178211,0.7969381420214134,0.8080940315696173,0.5478389170570576,0.4751174247928507,0.7994312786972366,0.8672575277147881,0.543282851329407,0.4488046100754852,0.8260975088340546,1.2276881435170257,0.4268958505623254,0.4058986584182119,0.3172061897910146,0.7870048290624005,1.0279968769468286,-0.7838720304561728,0.5135331623498399,0.6918234545657489,0.9996516637483344,109.0,18800,child0036,m,60
0.1915095025326509,0.0947056611038034,0.1823400377689939,0.1858161000804411,0.0925063662847848,0.0769404292548882,0.1181584296322372,0.1068759472023763,0.4945219942162234,0.8627436928464469,0.8214355708629225,0.8370951114887514,0.829265341175837,0.4830379958248453,0.4017577626038188,0.7633519600416184,0.8317311807278622,0.5322996434836089,0.481472449912085,0.9045139439904792,1.222494228395269,0.1435813427941799,0.4145530696919736,0.3576530462268837,0.8001072535016057,0.981292997162558,-0.7997789609023163,0.6843642628389973,0.9159168799685368,0.9346533894018632,90.0,13000,child0037,m,29
0.2145965664344006,0.1108142890633794,0.2040281542518349,0.2049161400976812,0.1046940274274917,0.0967193944432771,0.149486695514715,0.1359767650404055,0.5163842595648146,0.7687517383002119,0.730892394269635,0.7340734361377447,0.7324829152036898,0.487864410726699,0.4507033642257413,0.7215256085072506,0.9238291507150432,0.5355079018229337,0.4871111231185772,0.9096245292747166,1.3960994908081092,0.3419588524214516,0.3945540765011593,0.303314132163701,0.7085010046490655,0.9956665890474852,-0.7077300362995497,0.6177548680663209,0.9027830008688504,1.0174801054277949,100.0,14500,child0038,m,61
0.2297150608877908,0.1244956540391266,0.2439553115210948,0.2262448418900307,0.1220619706460912,0.1073772806619901,0.1709257932447604,0.142141805336805,0.5419568641167117,0.745562081541477,0.7917801695623777,0.7342991556829127,0.7630396626226452,0.531362506987363,0.4674368334710141,0.744666915314402,0.8796947984177792,0.5547559211319645,0.4613347503267875,0.831599506654109,1.3316354591140709,0.1844991934597844,0.44894354808306,0.3347152862034223,0.7438851480290846,1.0782801034627454,-0.7436445905669975,0.5068155796263532,0.8869962702253499,1.0009655163819118,135.0,26200,child0039,m,72
0.202203254131326,0.108271285600685,0.2195065580860962,0.2192986175345883,0.1301376430446463,0.1117589259333252,0.1764291357793046,0.1569458926561104,0.5354576812614769,0.612731880868569,0.6651656857694582,0.664535568288008,0.6648506270287331,0.6435981636582622,0.552705872185126,0.7330136219729791,0.8587747812136423,0.5346291614864849,0.4755895369483904,0.8895690157006392,1.5194671665568218,0.2484778980874014,0.4119456310052194,0.2524122213014176,0.6494248380531449,1.0009482073067566,-0.6488459044382969,0.9151596262317464,0.9698705990609232,0.9872302961590198,116.0,20000,child0040,f,96
0.1916705244401032,0.1091416434150313,0.2276039691070169,0.2199512080568035,0.1177018056329408,0.1056693564509681,0.1485803515517086,0.1193091735775643,0.5694232002226193,0.7055847983676408,0.8378643566566472,0.8096927226594859,0.8237785396580666,0.6140840172309462,0.5513072850384443,0.8222823870311502,0.8977717536509461,0.5469596209289166,0.4392054512713694,0.8029942878149848,1.1971240141915118,0.2709233916323211,0.4305628905113815,0.3037986302860617,0.8096878917500505,1.0347929939454437,-0.8082033781867591,0.9627535329508412,0.851353265206027,1.0522031785367656,116.0,19000,child0041,m,82
0.1953623131592947,0.0980122264302157,0.1948033256019695,0.195979117332044,0.1101658113779533,0.0951764149238887,0.1414323417187811,0.1250521385029772,0.5016946454268201,0.7362440223052618,0.7341374171931075,0.7385685155904603,0.7363529663917839,0.5639051339862373,0.4871789926355125,0.7738544051652101,0.8639378563405712,0.5330030877868606,0.4712725190463701,0.8841834688110184,1.3638508333229091,0.2132522112158643,0.4845795709151321,0.3567688124175147,0.7131418586926282,0.994000423381424,-0.7131335491629704,0.5458813290214977,0.7875340594951528,1.0813991984398024,95.0,13000,child0042,f,53
0.2004997231376332,0.1054048822399336,0.2309456980436292,0.2231472215861637,0.1177724242539602,0.1033962595872732,0.1595788803382219,0.1295697159899247,0.5257108617929529,0.70129970498798,0.8077923868007598,0.7805151958231842,0.7941537913119721,0.5873944482861717,0.5156927798663182,0.7735947476793498,0.8779326760253592,0.5581684600466239,0.4532036362800098,0.8119477697506479,1.2735217125335496,0.2111672906737475,0.3775627090324795,0.2647846164589404,0.776595797407964,1.0349476744636692,-0.775788760779321,0.9920590341349942,0.7292280913768525,1.0221601031790433,118.0,18700,child0043,m,84
0.2323828367931045,0.1180086316912973,0.2549653560722827,0.2455088185545122,0.114452229380667,0.0954116745262707,0.1440624717731512,0.1182848497354081,0.5078199118309368,0.8971598375028982,0.9843441132717308,0.9478352824997897,0.9660896978857602,0.4925158456627601,0.4105796961727332,0.8102210495627229,0.8336375363116115,0.5561816248991645,0.4566620238918711,0.821066362943335,1.0483950413792775,0.228513797772365,0.3454938859580803,0.3099632385843962,0.9405370635974132,1.0385181174894165,-0.9402864633552912,0.7982176300679423,0.8595282102157807,0.9385175659732038,113.0,22600,child0044,m,80
0.1898249466834916,0.1061645109953097,0.1906689139216305,0.1978254147512492,0.089494474043896,0.0779205024494579,0.129829548075189,0.1190141653693709,0.5592758636320085,0.766356799498227,0.7697640441349393,0.7986561005648961,0.7842100723499178,0.4714579174523167,0.4104861021211309,0.675883796176909,0.8706738967060567,0.5241447906691594,0.480481182589242,0.916695522196885,1.28106741889708,0.2934716360713417,0.3133238698262113,0.2401178780864144,0.7657893563011275,0.9638241585965208,-0.7657632426546191,0.6321826272905977,0.724972032207663,0.9560455348442009,86.0,12900,child0045,f,28
0.225201580253529,0.1167190668017644,0.2432716737570266,0.238432832340464,0.1318673070139193,0.1045015391666018,0.1675522024493115,0.1322910682396225,0.5182870682806203,0.7555386027075568,0.8161627474451625,0.7999287073532706,0.8080457273992165,0.585552316575509,0.4640355500567775,0.7930041501741633,0.7924749623920897,0.5621281910038581,0.4438290740941111,0.7895513535827363,1.2449261607208204,0.2305046360296633,0.4191400906761579,0.3166765184481829,0.7873298460916551,1.0202943586630433,-0.7866698558151346,0.9495563422029974,0.8750245452939732,0.9825911570727224,121.0,24900,child0046,m,96
0.1995104426220682,0.1137122515768304,0.2290464358963866,0.229191997196693,0.1244992236033642,0.10930203947904,0.1715771317174035,0.1426063852707695,0.5699563896624452,0.6362669437147195,0.7304613925026866,0.7309256080216935,0.73069350026219,0.6240235947909885,0.5478512204300527,0.7456252070969435,0.8779335028406273,0.5471836750719273,0.454791878149038,0.8311503044919158,1.371266547275202,0.2900037873753714,0.4243036502068645,0.2699703867241211,0.7177713546871334,0.9993648936171996,-0.7172580909946142,0.9238016638008404,0.5727355254513723,0.9966862107551292,125.0,26200,child0047,f,96
0.2039964941201602,0.1053185171707554,0.2235805704286435,0.2292761383481122,0.1258773754021618,0.1070201650650084,0.1659426369335396,0.142796845768964,0.5162761135920287,0.654433471844043,0.7172604096632298,0.7355321466542879,0.7263962781587588,0.6170565623937451,0.5246176681937007,0.7471498304382186,0.8501938074502497,0.5323543254199459,0.4581011842777845,0.8605193240731405,1.3635195271213376,0.2158878622661151,0.4802582767045084,0.3142970914055685,0.70896724557904,0.9751584793755506,-0.7089228871642694,0.5702139463865699,0.7357053666519141,0.94157491703743,126.0,26000,child0048,f,96
0.1997782830824802,0.1017081793778187,0.2026994318037609,0.1968491309934672,0.0962314274134871,0.0851424385031674,0.1610179660379218,0.1300724512389846,0.5091052831594693,0.6941899099409812,0.7043403223705086,0.6840116873959619,0.6941760048832352,0.4816911324328337,0.4261846542550154,0.6302382105984354,0.8847674901186645,0.5595054958831374,0.4519759696508871,0.8078132797202948,1.457096555367341,0.4857759272267911,0.3925332156964418,0.2724925976531567,0.6730064293632682,1.0297197187550082,-0.6729999078426939,0.6764472036226743,0.6892390692745566,0.9808333685672416,101.0,15700,child0049,f,96
0.2126345467676621,0.113491497133718,0.2200166416538025,0.2075027066093606,0.126246260388065,0.1078460027773741,0.1736848939146468,0.1578348637605085,0.5337396902758514,0.6408155143488422,0.6630628913783282,0.6253497170897013,0.6442063042340148,0.5937241257696927,0.5071894685825133,0.7054825112184414,0.8542510680781289,0.523433168882721,0.4756660238911456,0.9087426096944998,1.55089943424542,0.2166250131440808,0.4548979433850335,0.2915056595665107,0.6267829892841492,1.0603073340532387,-0.6264058115088423,0.6304705444570503,0.7381349160706053,0.9889748419755128,121.0,22300,child0050,f,72
0.2093585120344155,0.1054344258766384,0.213421381758643,0.2150918560291506,0.1185496061941505,0.0989629549746578,0.1098014240649694,0.1119317048842074,0.5036070654691438,0.943599720774412,0.9619114803492684,0.9694404747039508,0.9656759775266096,0.566251665825093,0.4726961135374797,0.9803508345057192,0.8347809676616277,0.4948859832902626,0.5044873716774404,1.0194012130296006,1.0348951182646198,0.2510565512803924,0.415438075280871,0.3920072518340891,0.936847607095467,0.9922336702962792,-0.9355824469391714,0.928198899447762,0.7733132863861226,1.0369452636761225,92.0,12500,child0051,f,36
0.2189114060621035,0.1246201140505078,0.2406428278609624,0.2442256869680568,0.1226495916381843,0.1059424523312106,0.1454339188808413,0.1365820932591378,0.5692719090898081,0.7916672407115625,0.8702563605830099,0.883213347312002,0.8767348539475059,0.5602704484177933,0.4839512670306251,0.8266761241601437,0.8637815333600157,0.5259445879836971,0.4939330062609709,0.9391350677350851,1.1632679933421843,0.2150103537893825,0.4301977970984397,0.3405735029891144,0.8599970603969703,0.9853297204255056,-0.8599956095808788,0.7492276669507841,0.989660899407174,0.995352785914748,115.0,28800,child0052,m,65
0.1785894807155031,0.0888768947275968,0.1753884548290722,0.1808456079513884,0.0834654149943445,0.0765199505802914,0.1261270139942873,0.1170318300907779,0.4976603009960011,0.7422722888423686,0.7289678500711408,0.7516494409601235,0.7403086455156322,0.4673590777012599,0.4284684085183567,0.6649479186041403,0.916786319045754,0.5242222945456271,0.4864199394099694,0.9278886923944676,1.3651633546055295,0.2562098922328056,0.4009632249921454,0.2976238907565374,0.7164494842870031,0.9698242429875152,-0.7163194910736423,0.5529051257330142,0.5711415246083459,0.9250817280559176,94.3,15300,child0053,m,36
0.1897756570008824,0.1013282709718705,0.2205566481462274,0.2110594754223536,0.0972981797632328,0.0847008549261337,0.1461665611092834,0.1277867759176639,0.5339371370027685,0.6832552547424419,0.7940770233433522,0.7598840542801326,0.7769805388117423,0.512701056083186,0.4463209679508044,0.6552568373349563,0.8705286690074395,0.5262480579639663,0.4600747404180127,0.8742545144926983,1.2694305058018436,0.1953383168899146,0.2809854742027074,0.1919848017552967,0.7605998924651153,1.0449976136104235,-0.7603168078102214,0.5585059185992305,0.7562437293500535,0.9395378782292504,107.0,18200,child0054,f,48
0.2052268032158238,0.1190423952445205,0.2096512171922668,0.217082580426272,0.097612136908421,0.0873363919720321,0.1216956798712894,0.1155580404654269,0.580052865313754,0.8775792360325817,0.8964986645696791,0.9282762392694154,0.9123874519195472,0.4756305481490575,0.4255603586057232,0.79086642746937,0.8947288189579388,0.5203881758933782,0.4941427497772975,0.9495656755247684,1.1119518616090474,0.381873546501284,0.4682530320714195,0.4109291381551763,0.8936027843167745,0.9657671139738034,-0.8934794420147767,0.7806902860969702,0.7324448367411894,0.9825395535967756,102.0,19300,child0055,m,58
0.1929006540440501,0.1032726443157705,0.2248774138904234,0.217404464662106,0.1216488074374217,0.1059917780962626,0.15752125168391,0.1364418628737066,0.5353669992854848,0.6482328616689874,0.7556891408860764,0.7305766741223659,0.7431329075042212,0.6306293155939348,0.5494630312246567,0.7649746390118868,0.8712931949685297,0.5293421749074227,0.4585059582113869,0.8661806671489486,1.3293020981084709,0.2282448534215383,0.5109251630680995,0.3311984805543282,0.7277573026767057,1.0343734855672442,-0.7277069665131376,0.7272028173529921,0.976428988636702,1.0025278097178454,117.0,21000,child0056,f,72
0.2021381730172351,0.1126267566569462,0.229104802749166,0.2321820260437492,0.1099818896782541,0.0996840517533757,0.1486938735809316,0.1233155133574526,0.5571770783113944,0.7297038178914843,0.8270513518942685,0.8381598998396906,0.8326056258669795,0.5440926275161133,0.4931480791848073,0.7568785037521231,0.9063678760657397,0.5367738593334777,0.4451598605005158,0.8293247757133319,1.1793503302497157,0.4922091544662477,0.4935134812512077,0.3601186714499237,0.8165807151652374,0.986746505114899,-0.8033151604542923,0.4387591450597559,0.5132582268173566,0.963079072164067,116.0,19700,child0057,m,60
0.2010820111287098,0.1131566523714431,0.2355576119204231,0.2329752286051549,0.1251328164510623,0.1129682264342731,0.1576401835976499,0.1487088224870498,0.5627388135630549,0.6524168807166963,0.7642740468704927,0.7558954233531275,0.7600847351118102,0.6222974185938819,0.5618017534246943,0.7725262882675824,0.902786572205488,0.5114685111864884,0.4824904304341412,0.9433433728204992,1.3076949130867837,0.2066665512877976,0.5041266474656492,0.3289007348257045,0.7465903081718297,1.0110843686289277,-0.7462345756596256,0.7237420856702198,0.8978503448346614,1.00609343181037,130.0,24900,child0058,m,96
0.205053264057105,0.1125541219050962,0.2356978441438731,0.2416983923937103,0.1395943883391996,0.1260082253661409,0.1905333694568382,0.1670695974255053,0.5489018788491521,0.5776906323811164,0.66402472187139,0.6809298929693566,0.6724773074203733,0.6807713546092304,0.6145146040252693,0.7482745645579448,0.9026740033414108,0.5367841531192242,0.4706803465538617,0.87685216454093,1.498139027973636,0.2962702188277772,0.4766638585263757,0.275364245865325,0.6597166261772431,0.9751734043805192,-0.6595304637679696,0.8467337055470504,0.7680754107843775,0.995180000047146,129.0,25500,child0059,f,96
0.2179756794183898,0.1149912943965314,0.2403715660881566,0.2492021740017604,0.1281085964500272,0.1133090068159497,0.1777829040706822,0.1432045416108008,0.5275418556022174,0.6903226792577735,0.761249805309078,0.7892160854494097,0.7752329453792438,0.5877196795158569,0.5198240790820551,0.7645625748305354,0.8844762174890385,0.5630333209272108,0.4535246460083246,0.8055023195811114,1.3112935576263924,0.2205448069019887,0.6023859543412122,0.4158406859480765,0.7579809062163492,0.964564482838174,-0.7574342395203079,0.8622517738178448,0.7867973123291315,0.9775629185919714,120.0,22300,child0060,m,72
0.2262492356836098,0.1231027527944311,0.2389609004174273,0.2448256744205793,0.1262357502013015,0.1115114545214405,0.1555198533166369,0.125203567158762,0.5441024029207319,0.827460397529587,0.873950716589124,0.895399930388262,0.884675323488693,0.5579499520512476,0.4928699722874633,0.8695118723253202,0.883358750145019,0.5687821188005447,0.4579064903370044,0.8050648485621237,1.160525880939948,0.2544922253362773,0.4237825279916611,0.3506632590780731,0.8642695160149305,0.976045102226178,-0.8614798640235221,0.9715434494856204,0.8029949955070436,0.9648062135515606,109.0,25300,child0061,f,54
0.217621717754583,0.1167248519702666,0.2430645912922563,0.2452592367328898,0.1401031592125813,0.1039011273626604,0.1853920128477995,0.1610575054331448,0.5363658240300259,0.6314858271052076,0.7053149201095638,0.7116832527630353,0.7084990864362996,0.6437921759747292,0.4774391473181555,0.7080416895658738,0.7416044573628003,0.537962983565442,0.4673501021834897,0.8687402599451113,1.4189334961680553,0.232875751431589,0.4869123654483454,0.3074782578229015,0.6931580103646859,0.9910517317518048,-0.6920540062010059,0.9149748055268022,0.9310397950887987,0.9223025781201866,125.0,22900,child0062,f,96
0.2089648452240583,0.118898000680889,0.2418885790030535,0.2443704004441456,0.1272662366725632,0.1131405226992968,0.1826156991729637,0.1625545007098149,0.5689856614561318,0.6130854690456586,0.7096809645462855,0.7169624221554256,0.7133216933508555,0.6090318040630451,0.5414332854791161,0.7053334290426116,0.8890065869582544,0.5357792669025814,0.4769213797962119,0.8901452692512059,1.4196969700186657,0.2638869402823975,0.4873413422205008,0.2987818953805966,0.7009218189615394,0.989844017783736,-0.6993053315728671,0.7830627224923398,0.9688977038364376,0.9516962950854426,125.5,23100,child0063,m,96
0.2193902527433252,0.1170097068227959,0.2301631217348036,0.2333666302920387,0.1072157193847236,0.0804680771191307,0.1115892668454109,0.112887762150938,0.5333404987672401,1.0170477709936514,1.0669885603313085,1.0818393624829743,1.0744139614071415,0.4886986456511368,0.3667805479638789,0.8700632069975981,0.7505249937314323,0.5173047284134363,0.5233242837018705,1.0116363817259046,0.9685549978822064,0.3286868150889853,0.3723646342749971,0.378712621286252,1.0478808254412568,0.9862726365237986,-1.046669363206737,0.5382785276442191,0.8166039938553735,0.928814800458821,120.0,13700,child0064,m,60
0.1862610310511006,0.1049468270297968,0.191477314886212,0.1989487344103469,0.1006832807479984,0.0905591495824228,0.1275190058418772,0.1015208102430804,0.5634395259038628,0.8245855229225884,0.8476782337790422,0.8807545264448579,0.86421638011195,0.5405493579619244,0.4861948259997444,0.8466383898397588,0.8994457561338763,0.5645320737317565,0.4494369537708016,0.796122974554598,1.173281426777874,0.297888296697936,0.3726123915976729,0.3072507837730033,0.8452896174982198,0.9624455036304754,-0.8449958343581132,0.6060571645598362,0.806675846608265,0.918758511703228,109.0,10000,child0065,f,36
0.2337581851251463,0.1201381433917756,0.265418262620024,0.2558538149937848,0.1215012898466613,0.10211651124254,0.1063601846153489,0.0940785682784236,0.5139419752401727,1.1346593675932684,1.2883369959897226,1.241911284354609,1.2651241401721658,0.5197734136309007,0.4368467833024553,1.0854380676793496,0.8404561908059945,0.51627103345342,0.4566562181757505,0.8845280648830977,0.7690369828029434,0.4823514297889882,0.476229433832288,0.5403581882214442,1.2349007259658809,1.0373824702456425,-1.2256210463704578,0.7554931742441987,0.6379126295690843,0.9929782467816411,119.0,13900,child0066,m,36
0.2383300542551265,0.1337497125344739,0.2364923648710454,0.2424687383441251,0.114926898988019,0.098925097776208,0.1593028933732904,0.1545140345393509,0.5611953261727457,0.7679484953572157,0.7620270818709909,0.7812841874453947,0.7716556346581928,0.4822173995101456,0.4150760510896838,0.6890751552820231,0.8607653965023525,0.5133067151535629,0.4978760261978795,0.9699386575313612,1.310406735770612,0.2357154341755996,0.4782403443487558,0.3672639528617437,0.7530175865115939,0.9753519834602442,-0.7530166147154886,0.8176683634577874,0.7695077059074816,0.9501387876428268,99.5,15600,child0067,f,58
0.2386590975141544,0.123549128828906,0.2327686840435386,0.2375633541398221,0.1316476508811098,0.1055678819877038,0.1884299077557625,0.160773984174358,0.5176803654911103,0.6906788223020026,0.6736319806725294,0.6875077437585408,0.6805698622155351,0.5516137966343481,0.4423375563189782,0.6865011498832856,0.8018971951352288,0.5453156746622926,0.4652795020301315,0.8532296496305072,1.4849249618584646,0.2268348320456035,0.4291720201700371,0.2964200254560125,0.6598874866889596,0.9798172992057456,-0.6596477567155532,0.6179298701296039,0.7571294995236661,0.9520105473134912,146.0,18900,child0068,f,61
0.206299697854788,0.1030950730483223,0.2204506990431637,0.2183538681512228,0.0987886664405099,0.0877660869509444,0.1294255696826361,0.1198478890717805,0.4997344839588167,0.86640900624831,0.9258398004013352,0.9170336160576428,0.921436708229489,0.4788599666784106,0.4254300314716019,0.7834849986574385,0.888422630988715,0.5435561970177242,0.503332246975606,0.9259985439172418,1.1361479683231772,0.3401168059478947,0.5054105622863674,0.4378922630179311,0.8955725063504655,1.009602902433992,-0.8936376625001569,0.5866154283251648,0.5635398910500777,0.9003889554225747,124.0,13700,child0069,m,50
0.2521759271356845,0.1281852916105355,0.2260019418532182,0.2227069702891132,0.113532793432363,0.1026566762680728,0.1370365415115679,0.1229035356583855,0.5083169240875429,1.0064078631255045,0.9019502136709948,0.8888003253031571,0.8953752694870759,0.4502126540067251,0.4070835683409141,0.862789659198455,0.9042028577340546,0.5468985659307634,0.4904952114083929,0.8968668816558736,1.158613391157695,0.3822789948864912,0.3030765974295806,0.3050186707824529,0.8605151728868492,1.0147950985091645,-0.8604866800125389,0.9630721035583834,0.5793340786001989,1.066382296063153,73.0,11800,child0070,m,29
0.2468232464014529,0.1244103521959976,0.2361821477722531,0.2278834947047503,0.1309035440363602,0.1057280348667337,0.1754003837390453,0.146128148992621,0.5040463327900921,0.7684137692642227,0.7352857441450796,0.7094502550799849,0.7223679996125323,0.530353384232895,0.4283552558690898,0.7366849197669432,0.8076789337144786,0.546059060337023,0.4549283076051578,0.8331119116023454,1.3857028114189665,0.3673601815670581,0.5085113482317104,0.3907471218083602,0.696901146489853,1.0364162094242704,-0.6941132515179281,0.7655842273466739,0.7049582470072372,0.9456317958701852,112.0,20000,child0071,f,60
0.2315867094074217,0.1194364657696074,0.2594177993900906,0.2374191060454597,0.1142086932892214,0.102581351455793,0.1510295008508877,0.1164672363083347,0.5157310886933819,0.8605271610718667,0.9639415966998994,0.8821991116514932,0.9230703541756964,0.4931573732424275,0.4429500799863498,0.8055458891851749,0.8981921472126169,0.5611936364477333,0.4327675818476206,0.7711555401571741,1.0767989826549715,0.4321248242416093,0.3519314998465548,0.3028466144547199,0.899914995514334,1.0926576369991836,-0.8987070196933603,0.4309032158922428,0.4914061058753702,1.0599561396826456,94.0,12500,child0072,m,36
0.2379361986554996,0.1317494384569519,0.2645601361544644,0.2552618354718325,0.133593310324893,0.1147233920183255,0.1550611388982957,0.1339986470891587,0.5537175057911543,0.8235482112652522,0.9156993687100108,0.8835159559369289,0.8996076623234698,0.56146694399501,0.482160313002352,0.8594773607278391,0.8587510238298859,0.5366998560876294,0.4637980548811702,0.8641665348340317,1.112149165542626,0.2338140800599517,0.5325514477168188,0.4385817921739066,0.8807119223569132,1.0364265212833113,-0.8792962148056901,0.8695197889478437,0.8546888154987972,0.954570765458274,120.0,21400,child0073,m,96
0.2195090550732313,0.1190156641235535,0.2469946614896384,0.2353361945374963,0.1009231744814356,0.0871952067702835,0.159530492118255,0.1099583759684859,0.542190225746488,0.8261961308245843,0.9296474516232962,0.8857668915070281,0.907707171565162,0.4597677050168442,0.3972282908383621,0.708046775907733,0.8639760611803065,0.6004466435002997,0.413865317522369,0.6892624382238925,1.1174440312878522,0.4280410207780077,0.3856946458721363,0.3186594240993173,0.8879558745949617,1.0495396255346714,-0.8874425772031033,0.6163001835026776,0.5927978112022038,0.8917677140875917,98.0,14500,child0074,m,63
0.2185407550485752,0.1160789028810656,0.2277358356920391,0.2285801027274118,0.1067446159007446,0.0926730137131994,0.1683329553820312,0.138380823908514,0.5311544881194572,0.7207941588336878,0.7511215017420636,0.7539060750243204,0.7525137883831919,0.48844260594331,0.4240536905466485,0.657722000467335,0.8681750637368955,0.55519809543813,0.4564095586916036,0.8220661461949572,1.344304476205301,0.3622782841319197,0.4692713931033236,0.338248079056623,0.7332740726891286,0.9963064718875398,-0.7301160683420577,0.7034996311462524,0.900754449513814,0.93343182025814,120.0,21400,child0075,f,95
0.2197062890256845,0.1264650700891948,0.2432610762907977,0.2418298101483841,0.1277285258698352,0.1083263446749955,0.1639593484461701,0.1347183138696699,0.5756096953347136,0.7588702822400455,0.8402290277691324,0.835285403504799,0.8377572156369657,0.581360353571414,0.493050723105754,0.8153386369998337,0.8480982923531744,0.5663191417187581,0.4653199747833705,0.8216568018010856,1.2314296997343677,0.2076845835446326,0.5928401933394365,0.4498888048427413,0.8221281497953632,1.005918485159193,-0.8221267097491518,0.6722122248318773,0.9477206952620858,1.0021326374734765,103.0,18500,child0076,f,68
0.2349632600842138,0.1202877714534154,0.2440041851812008,0.2456059965503057,0.1226964137932369,0.1083743130115863,0.1622894221787937,0.1401359262095378,0.5119428944350823,0.7807410112482043,0.8107823930383233,0.8161049265599283,0.8134436597991257,0.5221940389712886,0.4612393996097245,0.7678068173330389,0.8832720505932175,0.5392588081274713,0.4656466917501246,0.8634939007617545,1.2353719741644436,0.2451439491593278,0.4235655798302253,0.330695019126582,0.7908169332280409,0.993478125975736,-0.7891498845121957,0.7287834400010492,0.9227346471740572,0.9717524806419846,115.0,23700,child0077,f,84
0.210313618132467,0.1145664090465301,0.2330497727685178,0.2343813471485241,0.118922659881747,0.0973492394858435,0.1573913428666472,0.1567152247860837,0.5447408021594204,0.7008004737365927,0.7765611785420086,0.7809982091280937,0.7787796938350511,0.5654539203773434,0.4628765381447036,0.7206544724900181,0.8185928533943366,0.5244545199803085,0.522201580416203,0.995704223191384,1.3439694289437876,0.2969245118286663,0.5937815602652962,0.4161223987299727,0.7622337866013852,0.9943187698329824,-0.7610925479820291,0.695513331967026,0.6840605994362012,0.9625566817931231,104.0,14000,child0078,m,41
0.2154118089920414,0.1202264408841759,0.2408671343732745,0.2381933381533888,0.1222058169345805,0.0920695509128513,0.1937375632303127,0.1700739177107725,0.5581237233313325,0.5990195070754807,0.6698059534344896,0.6623706317538877,0.6660882925941887,0.5673125234238926,0.4274118087753161,0.5958592791499566,0.7533974504841955,0.5387475281474209,0.4729434046824554,0.8778572150646433,1.5188540979900462,0.3328398132573397,0.5210773075999005,0.312135471946711,0.6528175303254857,1.011225319064817,-0.6503189901565142,0.7629396603408991,0.9555317009510064,0.9168546884948156,122.0,21000,child0079,f,96
0.225453163525191,0.1222063072037062,0.2478136969198437,0.2473475368934696,0.1178774614475561,0.1039311294146523,0.1544136163952864,0.1218994368009971,0.5420474270260197,0.8207750540634268,0.9021798466106488,0.9004827645432835,0.9013313055769662,0.5228467838038788,0.4609876738457901,0.8075067801668692,0.8816878828094844,0.5621515456393641,0.4437818270820597,0.7894345048492639,1.116052850375034,0.2874139337143029,0.5005778331380993,0.4108617980568765,0.881514885349478,1.0018846358133529,-0.8804143251490152,0.8950126942621762,0.9211845896090798,0.953015630916979,119.0,20000,child0080,m,96
0.2303295022586297,0.132873742906649,0.2501432469807314,0.2477113322382997,0.1184698861053894,0.1011516988859556,0.1546807353454841,0.1157315470112302,0.5768854688768845,0.8798487590787781,0.955536408882622,0.94624659951243,0.950891504197526,0.5143495945750074,0.4391608451980917,0.8389449772030212,0.8538178115236154,0.5908737339878396,0.4420895153490182,0.7481962556794182,1.086310314875085,0.1851002949116937,0.4097419182772044,0.3605109183387564,0.9325044544096576,1.009817535275666,-0.9313098596692436,0.7381509047693275,0.7770666496131559,1.011330927980277,106.0,17200,child0081,m,61
0.2112227330311459,0.116674771725313,0.2352678954116623,0.2306685082364082,0.1285890124811185,0.1052875875062678,0.1617372062472934,0.135582414358464,0.552377909569557,0.7117967401562191,0.792826220048683,0.777326805042158,0.7850765125454205,0.6087839629560963,0.4984671204436249,0.7881377116983633,0.8187914773956898,0.5450361072253616,0.4568974142978915,0.8382883413428125,1.2762240437874344,0.2444481900502245,0.5229102242826549,0.3722057930387511,0.7687761549540554,1.0199393805874022,-0.7674478852422332,0.8350785986325828,0.9501760963567448,0.989058465047554,107.0,21000,child0082,m,82
0.2010015212394277,0.1096485276385981,0.1972687211962883,0.2006702125562599,0.1109422161137778,0.0917859218285944,0.1361192920586265,0.1017687932660516,0.5455109342579938,0.8471419421335035,0.8314096657873242,0.8457456070233322,0.8385776364053282,0.5519471466169968,0.4566429212207877,0.8544189488846629,0.8273308848857192,0.5736889985973064,0.4289152273295076,0.7476441562906441,1.195600958576247,0.2877698737661365,0.4142745567113436,0.3509493525489439,0.8161195149266062,0.9830493459061944,-0.8153247652075905,0.9096107991386004,0.6519662761187359,1.0058388815051809,105.0,23500,child0083,f,55
0.1900332477663664,0.110137340635484,0.2101926896647703,0.2245192961469184,0.1007252656154267,0.0969980145153449,0.1336407131047309,0.1158470117691589,0.5795687961450342,0.7657598912917558,0.8469945816318556,0.9047252195665252,0.8758599005991905,0.5300402261148637,0.5104265472250291,0.7967477232454402,0.9629958672503016,0.5385199650171101,0.4668182867026002,0.8668541874538827,1.147829979465827,0.4362559624668522,0.4838797691991152,0.3705357194601943,0.8610950591531898,0.9361898655126144,-0.8608393202389778,0.7496906187377567,0.4214353474339158,1.01091010246569,104.0,16000,child0084,f,84
0.2062174677834279,0.1113764631223589,0.2142968475093512,0.2270496376931745,0.1253354271299961,0.1063432792917282,0.171965540848367,0.1472794029255351,0.5400922837406181,0.6577760359479965,0.6835469971869236,0.724224830469221,0.7038859138280723,0.6077827861877582,0.5156851184081614,0.7389902647999058,0.8484694369887177,0.5485219704942096,0.4697800961016913,0.8564471823770831,1.446686240754388,0.5169638802061991,0.4924311926128016,0.3239094378539929,0.6876630611504604,0.9438325895896962,-0.6833072533954939,0.6991499522564469,0.6340087410417805,0.979675443041404,116.0,23500,child0085,f,84
0.2245024128359227,0.1155574091314106,0.2298874941090199,0.2303088487171752,0.1336927794496596,0.1093058824681942,0.1469452461669159,0.1428760176328186,0.514726802583924,0.7763435354051573,0.7949654868630057,0.7964225577337477,0.7956940222983766,0.5955070939365305,0.486880657928965,0.8403047339624989,0.8175900218257637,0.508145950322502,0.4940743008171515,0.9723078586055448,1.259554832704061,0.2392507141658202,0.4997246922676578,0.3879580343243278,0.7729429821493479,0.9981704801595674,-0.7652196841893562,0.5894237239845433,0.4977744974603212,1.0331005264658562,107.0,17500,child0086,f,69
0.1830893727835372,0.1025975568591443,0.2172386189414678,0.2142275433446507,0.0931984821892613,0.0799027400735629,0.144250583256013,0.1063586127772595,0.5603687166509838,0.7256340039464468,0.8609769451811011,0.8490432168150807,0.855010080998091,0.5090327241409474,0.43641386094009,0.686048191049848,0.8573394994920803,0.5717051006746521,0.4215287040990514,0.737318424484263,1.1616632678930028,0.398989877444464,0.4741548113335916,0.3440628542384661,0.8400195304439815,1.014055501686694,-0.8387606630325631,0.7772201377226196,0.592332967257486,1.0770910177890969,97.0,12700,child0087,m,55
0.1875661224918197,0.0955426963560394,0.1867537549745193,0.1872615236677557,0.0978466138432935,0.0892524312933092,0.1397450448967515,0.1232464645270342,0.5093814122014827,0.7166950151112499,0.7135909377738678,0.7155311351103455,0.7145610364421067,0.521664640412668,0.4758451585371006,0.7149103004319243,0.9121667862339272,0.533969438262326,0.4709279350830702,0.8819379937091362,1.406314257420069,0.2490861989623097,0.4977710847184287,0.3567500550842175,0.6925943210023311,0.9972884515553913,-0.6916579948021033,0.9476364337842172,0.6828856196755729,1.0074490317699287,97.0,14000,child0088,f,48
0.2228805483564072,0.1195437250127124,0.2432447554470908,0.2607036014352141,0.1260410334019768,0.117004562883185,0.178953457841694,0.152992535564706,0.5363578198917146,0.6712548193682191,0.7325862018196605,0.7851674369097452,0.7588768193647029,0.5655093471881861,0.5249653401609707,0.7319863892821734,0.9283053282340824,0.5389585224223149,0.4607713754407599,0.8549291944950649,1.3173809930049032,0.2260215290796171,0.3642292037567857,0.2444906083763914,0.7431234946162548,0.9330318189238292,-0.7389920606958684,0.888158541023925,0.7356522040922892,1.4181898836590388,118.0,19500,child0089,f,72
0.1946193429165317,0.1012513035126957,0.209794523547196,0.2294929084757309,0.1241863464383663,0.0859103760270225,0.1656334245470498,0.1323087900386831,0.5202530334105606,0.6550808315877107,0.7061598754178648,0.7724638418507065,0.7393118586342857,0.6380986831901252,0.441427736521892,0.7071770647458523,0.6917860013673874,0.5575154034793789,0.4453460324448668,0.7988048933993966,1.3564795751779353,0.1555726332919212,0.4495303652767201,0.2944787255094011,0.7229679120015333,0.9141656051188268,-0.7168935032504415,0.8149348859329185,0.9147091985132446,1.0697669499587104,103.0,17300,child0090,f,72
0.2017505422968749,0.109572057760897,0.2305388456813891,0.2295608399855452,0.1051288353735875,0.0912487903072223,0.1447201832512888,0.1230753428884768,0.5431066331393664,0.7289305328499701,0.8329435039528765,0.8294099411436484,0.8311767225482625,0.5210832852131368,0.4522852294144034,0.7095180300268369,0.867971094542798,0.5228781994364002,0.4446747664270337,0.8504366158434977,1.1640761099481496,0.4769453766443608,0.4379923320724497,0.3192659840017718,0.8143195648285368,1.0042603333212474,-0.8138601303686704,0.6050401066357429,0.5066591305999137,1.0889781952706143,100.0,13200,child0091,m,72
0.2075088627421457,0.1103626869874796,0.2290392029920685,0.2238240878396807,0.1269481480114196,0.0967131056415966,0.1401154246200522,0.1298502917698317,0.5318456548268893,0.7625867116822661,0.8417098448131684,0.8225445067039925,0.8321271757585804,0.6117721736500848,0.4660673494306315,0.8219460976273054,0.7618315600232055,0.5149185413335526,0.4771945916102169,0.9267380241821608,1.1922614257121733,0.2921385372399339,0.5327413784117556,0.4062614959400984,0.8127673595979367,1.0233000621279122,-0.8127623403078015,0.8640399165604616,0.6372834146184456,1.080701558916773,105.0,17500,child0092,m,62
0.1961661498804537,0.1078536449072924,0.232724281909159,0.2446340285426258,0.1177550126637884,0.0963072735866796,0.1437538444422612,0.1361698339074168,0.5498076246743889,0.7190628573323952,0.8530696413331813,0.8967257789980353,0.8748977101656084,0.6002820197855235,0.4909474628796588,0.7846625898105773,0.8178613496620653,0.5269413209167987,0.4991415181039914,0.9472430767728752,1.1728032055616695,0.2657744667083666,0.4969116109737941,0.3573106828284599,0.859924904587023,0.9513160670883872,-0.8584727264527944,0.466713298514661,0.4282654701853616,0.9866297003536626,103.0,15000,child0093,m,60
0.2306615326533429,0.118703233459401,0.2426309967220051,0.2498065661531092,0.1306513676442779,0.0984637064958026,0.147108754355174,0.1282073082042504,0.5146208476720653,0.8450940033724731,0.8889475327913158,0.915237268349964,0.90209240057064,0.5664202701740977,0.4268752806900923,0.8394281136118843,0.7536370133061902,0.5389746817298363,0.4697238681526131,0.8715137910468018,1.1181765296375108,0.30952929409845,0.4564553185191747,0.3857476524880267,0.8785621693834287,0.9712754971112084,-0.8735672110330485,0.9309080724512528,0.6479735544161749,0.9841259177866362,115.0,23200,child0094,m,72
0.1932918875663507,0.1018487151037916,0.2256916840410148,0.2248721433658302,0.1072677150843029,0.066998608855961,0.1294632957185679,0.1011036867946671,0.5269166563900944,0.8417584115901021,0.9828548722834872,0.9792858903377754,0.9810703813106312,0.5549519766962876,0.3466188348590814,0.7589048142708468,0.6245924862229618,0.5637940605545239,0.440292036431009,0.7809447939163398,1.0234598007577749,0.230058169616572,0.413969854161264,0.3484626068849717,0.9606508177196964,1.003644473979382,-0.9602195192118416,0.8559672072793382,0.6296576935299353,1.0071988795256024,94.0,13300,child0095,m,37
0.210902951266045,0.1133928316490752,0.2299891477436123,0.2322824919372945,0.1189825495988479,0.1045250153561221,0.1483188886370713,0.1140840839539733,0.5376540772349604,0.8151042652317282,0.8888691891577625,0.8977325769040851,0.8933008830309238,0.564157821806659,0.4956071725343867,0.8638189670306646,0.8784902971782866,0.5732274395250272,0.440915704914128,0.7691810867942193,1.135276102043267,0.2473091302867889,0.5802846139759389,0.4729924639001346,0.873212568770961,0.9901269175539013,-0.871420173065129,0.8763324678948802,0.7061173755478317,1.0124056811685795,118.0,24500,child0096,m,65
0.22864822553151,0.1193731255332592,0.254754132060134,0.2615561018579692,0.1163610596432597,0.0966109917860557,0.1471141191278432,0.1208192815309556,0.5220820115956178,0.8726714649897167,0.9723087118664884,0.9982694860404154,0.985289098953452,0.508908649401366,0.4225311242257671,0.8128409118008805,0.8302690958835037,0.5614838845196909,0.4611255528772691,0.8212623115118057,1.0378775513533527,0.1880316429965903,0.4677634824913942,0.4082038435344567,0.9629877748354236,0.9739942224650188,-0.9625191521802328,0.8015751479362957,0.6307051763367192,1.1715846384399011,115.0,21900,child0097,m,96
0.1783096805269873,0.0737329266540535,0.2213483203356779,0.2099513457222893,0.1162414214886207,0.0837737138895795,0.1158313692771081,0.1321457636121848,0.4135105084375607,0.7327509243646496,0.9096151473838936,0.8627800924489096,0.8861976199164016,0.6519075192388533,0.4698214569281352,0.8219479441729727,0.7206872801171,0.4760007569828946,0.5430435978098543,1.1408460802707692,1.1499064451209868,0.2638189002298183,0.6296413443639755,0.4613702771009036,0.8600710554161882,1.0542838845551563,-0.85857860001264,0.1850739437553586,0.359988186097492,1.0718062648473117,88.0,12200,child0098,f,36
0.2276009831452811,0.1068689479525895,0.2256191305622016,0.2292751675405693,0.1067360246004027,0.088452993608269,0.1115562917706442,0.1295832226232846,0.4695451947339499,0.9487078701226996,0.9404469253894756,0.9556863633167848,0.9480666443531304,0.4689611754984008,0.3886318608378248,0.8136052629345996,0.8287079637771637,0.4649994499231079,0.5401410022034028,1.161594927247162,1.060200206507974,0.220704930420896,0.408455048843806,0.3875045194294705,0.9140966077622228,0.9840539338926848,-0.9127246876354494,0.7574505530157695,0.6413255890061984,1.0451724122132784,97.0,14400,child0099,f,41
0.1850091204317762,0.1070652164183444,0.2008511399097258,0.2129613922697273,0.1225298098104941,0.1034389218613204,0.1732159108690536,0.1421262505041512,0.5787023697452021,0.5916814512958067,0.6423461377409605,0.6810761834554715,0.661711160598216,0.6622906455883513,0.5591017438487009,0.7226752215837683,0.8441939314302382,0.5539653466344668,0.4545368680704463,0.8205149849749931,1.5240822200931037,0.4893247153983808,0.5214956103089317,0.3085592795519811,0.6499708289079746,0.943134047768324,-0.6499686762727644,0.5181208330514215,0.9284417547299684,0.9579716967226426,114.0,19400,child0100,f,84
0.1761820023435973,0.0977898055166304,0.2037171474045152,0.2010903679100927,0.0932808259052346,0.0834536292955128,0.1319883597661735,0.1033097542275533,0.5550499155181402,0.7418057518053239,0.8577411408420984,0.846681213540973,0.8522111771915357,0.5294571787378972,0.4736785153159862,0.7441318276903964,0.8946493396219986,0.5557305692039439,0.4349806954409294,0.7827186761815486,1.162518506163889,0.2771360765055279,0.4382558248994688,0.3251006916726128,0.8360953585246567,1.0130626818266946,-0.8360509989706971,0.7689795833248638,0.7826749046418351,1.0344070671165932,97.0,14100,child0101,m,44
